x-axis,1,2
second,Volt,Volt
+413.22000E-06,-1.50683593750E+00,+11.88476562500E+00
+413.24000E-06,-1.50683593750E+00,+11.88476562500E+00
+413.26000E-06,-1.50683593750E+00,+11.88476562500E+00
+413.28000E-06,-1.50683593750E+00,+11.88476562500E+00
+413.30000E-06,-1.50683593750E+00,+11.88476562500E+00
+413.32000E-06,-1.50683593750E+00,+11.88476562500E+00
+413.34000E-06,-1.50683593750E+00,+11.88476562500E+00
+413.36000E-06,-1.50683593750E+00,+11.88476562500E+00
+413.38000E-06,-1.50683593750E+00,+11.88476562500E+00
+413.40000E-06,-1.50683593750E+00,+11.88476562500E+00
+413.42000E-06,-1.50683593750E+00,+11.88476562500E+00
+413.44000E-06,-1.50683593750E+00,+11.88476562500E+00
+413.46000E-06,-1.50683593750E+00,+11.88476562500E+00
+413.48000E-06,-1.50683593750E+00,+11.88476562500E+00
+413.50000E-06,-1.50683593750E+00,+11.88476562500E+00
+413.52000E-06,-1.50585937500E+00,+11.88476562500E+00
+413.54000E-06,-1.50585937500E+00,+11.88476562500E+00
+413.56000E-06,-1.50585937500E+00,+11.88476562500E+00
+413.58000E-06,-1.50585937500E+00,+11.88476562500E+00
+413.60000E-06,-1.50585937500E+00,+11.88476562500E+00
+413.62000E-06,-1.50585937500E+00,+11.88476562500E+00
+413.64000E-06,-1.50585937500E+00,+11.87500000000E+00
+413.66000E-06,-1.50585937500E+00,+11.87500000000E+00
+413.68000E-06,-1.50585937500E+00,+11.88476562500E+00
+413.70000E-06,-1.50585937500E+00,+11.87500000000E+00
+413.72000E-06,-1.50585937500E+00,+11.87500000000E+00
+413.74000E-06,-1.50585937500E+00,+11.87500000000E+00
+413.76000E-06,-1.50585937500E+00,+11.87500000000E+00
+413.78000E-06,-1.50585937500E+00,+11.87500000000E+00
+413.80000E-06,-1.50585937500E+00,+11.87500000000E+00
+413.82000E-06,-1.50585937500E+00,+11.87500000000E+00
+413.84000E-06,-1.50585937500E+00,+11.87500000000E+00
+413.86000E-06,-1.50585937500E+00,+11.87500000000E+00
+413.88000E-06,-1.50585937500E+00,+11.87500000000E+00
+413.90000E-06,-1.50585937500E+00,+11.87500000000E+00
+413.92000E-06,-1.50585937500E+00,+11.87500000000E+00
+413.94000E-06,-1.50585937500E+00,+11.87500000000E+00
+413.96000E-06,-1.50585937500E+00,+11.87500000000E+00
+413.98000E-06,-1.50585937500E+00,+11.87500000000E+00
+414.00000E-06,-1.50585937500E+00,+11.87500000000E+00
+414.02000E-06,-1.50585937500E+00,+11.87500000000E+00
+414.04000E-06,-1.50488281250E+00,+11.86523437500E+00
+414.06000E-06,-1.50585937500E+00,+11.87500000000E+00
+414.08000E-06,-1.50488281250E+00,+11.87500000000E+00
+414.10000E-06,-1.50488281250E+00,+11.86523437500E+00
+414.12000E-06,-1.50488281250E+00,+11.86523437500E+00
+414.14000E-06,-1.50585937500E+00,+11.86523437500E+00
+414.16000E-06,-1.50488281250E+00,+11.86523437500E+00
+414.18000E-06,-1.50488281250E+00,+11.86523437500E+00
+414.20000E-06,-1.50488281250E+00,+11.86523437500E+00
+414.22000E-06,-1.50488281250E+00,+11.86523437500E+00
+414.24000E-06,-1.50488281250E+00,+11.86523437500E+00
+414.26000E-06,-1.50488281250E+00,+11.86523437500E+00
+414.28000E-06,-1.50488281250E+00,+11.86523437500E+00
+414.30000E-06,-1.50488281250E+00,+11.86523437500E+00
+414.32000E-06,-1.50488281250E+00,+11.86523437500E+00
+414.34000E-06,-1.50488281250E+00,+11.86523437500E+00
+414.36000E-06,-1.50488281250E+00,+11.86523437500E+00
+414.38000E-06,-1.50488281250E+00,+11.86523437500E+00
+414.40000E-06,-1.50488281250E+00,+11.86523437500E+00
+414.42000E-06,-1.50488281250E+00,+11.86523437500E+00
+414.44000E-06,-1.50488281250E+00,+11.85546875000E+00
+414.46000E-06,-1.50488281250E+00,+11.85546875000E+00
+414.48000E-06,-1.50488281250E+00,+11.85546875000E+00
+414.50000E-06,-1.50488281250E+00,+11.85546875000E+00
+414.52000E-06,-1.50488281250E+00,+11.85546875000E+00
+414.54000E-06,-1.50488281250E+00,+11.85546875000E+00
+414.56000E-06,-1.50488281250E+00,+11.85546875000E+00
+414.58000E-06,-1.50488281250E+00,+11.85546875000E+00
+414.60000E-06,-1.50488281250E+00,+11.85546875000E+00
+414.62000E-06,-1.50390625000E+00,+11.85546875000E+00
+414.64000E-06,-1.50488281250E+00,+11.85546875000E+00
+414.66000E-06,-1.50488281250E+00,+11.85546875000E+00
+414.68000E-06,-1.50488281250E+00,+11.85546875000E+00
+414.70000E-06,-1.50488281250E+00,+11.85546875000E+00
+414.72000E-06,-1.50390625000E+00,+11.85546875000E+00
+414.74000E-06,-1.50390625000E+00,+11.85546875000E+00
+414.76000E-06,-1.50488281250E+00,+11.84570312500E+00
+414.78000E-06,-1.50488281250E+00,+11.84570312500E+00
+414.80000E-06,-1.50390625000E+00,+11.84570312500E+00
+414.82000E-06,-1.50488281250E+00,+11.84570312500E+00
+414.84000E-06,-1.50390625000E+00,+11.84570312500E+00
+414.86000E-06,-1.50390625000E+00,+11.84570312500E+00
+414.88000E-06,-1.50390625000E+00,+11.84570312500E+00
+414.90000E-06,-1.50390625000E+00,+11.84570312500E+00
+414.92000E-06,-1.50390625000E+00,+11.84570312500E+00
+414.94000E-06,-1.50390625000E+00,+11.84570312500E+00
+414.96000E-06,-1.50390625000E+00,+11.84570312500E+00
+414.98000E-06,-1.50390625000E+00,+11.84570312500E+00
+415.00000E-06,-1.50390625000E+00,+11.84570312500E+00
+415.02000E-06,-1.50390625000E+00,+11.84570312500E+00
+415.04000E-06,-1.50390625000E+00,+11.84570312500E+00
+415.06000E-06,-1.50390625000E+00,+11.83593750000E+00
+415.08000E-06,-1.50390625000E+00,+11.83593750000E+00
+415.10000E-06,-1.50390625000E+00,+11.83593750000E+00
+415.12000E-06,-1.50390625000E+00,+11.83593750000E+00
+415.14000E-06,-1.50390625000E+00,+11.83593750000E+00
+415.16000E-06,-1.50390625000E+00,+11.83593750000E+00
+415.18000E-06,-1.50390625000E+00,+11.83593750000E+00
+415.20000E-06,-1.50390625000E+00,+11.83593750000E+00
+415.22000E-06,-1.50390625000E+00,+11.83593750000E+00
+415.24000E-06,-1.50390625000E+00,+11.83593750000E+00
+415.26000E-06,-1.50390625000E+00,+11.83593750000E+00
+415.28000E-06,-1.50390625000E+00,+11.83593750000E+00
+415.30000E-06,-1.50390625000E+00,+11.83593750000E+00
+415.32000E-06,-1.50390625000E+00,+11.83593750000E+00
+415.34000E-06,-1.50390625000E+00,+11.83593750000E+00
+415.36000E-06,-1.50390625000E+00,+11.83593750000E+00
+415.38000E-06,-1.50390625000E+00,+11.82617187500E+00
+415.40000E-06,-1.50390625000E+00,+11.82617187500E+00
+415.42000E-06,-1.50390625000E+00,+11.82617187500E+00
+415.44000E-06,-1.50390625000E+00,+11.82617187500E+00
+415.46000E-06,-1.50390625000E+00,+11.82617187500E+00
+415.48000E-06,-1.50390625000E+00,+11.82617187500E+00
+415.50000E-06,-1.50390625000E+00,+11.82617187500E+00
+415.52000E-06,-1.50390625000E+00,+11.82617187500E+00
+415.54000E-06,-1.50390625000E+00,+11.82617187500E+00
+415.56000E-06,-1.50390625000E+00,+11.82617187500E+00
+415.58000E-06,-1.50390625000E+00,+11.82617187500E+00
+415.60000E-06,-1.50390625000E+00,+11.81640625000E+00
+415.62000E-06,-1.50390625000E+00,+11.81640625000E+00
+415.64000E-06,-1.50390625000E+00,+11.81640625000E+00
+415.66000E-06,-1.50292968750E+00,+11.81640625000E+00
+415.68000E-06,-1.50390625000E+00,+11.81640625000E+00
+415.70000E-06,-1.50390625000E+00,+11.81640625000E+00
+415.72000E-06,-1.50390625000E+00,+11.81640625000E+00
+415.74000E-06,-1.50390625000E+00,+11.81640625000E+00
+415.76000E-06,-1.50390625000E+00,+11.81640625000E+00
+415.78000E-06,-1.50390625000E+00,+11.81640625000E+00
+415.80000E-06,-1.50390625000E+00,+11.81640625000E+00
+415.82000E-06,-1.50292968750E+00,+11.81640625000E+00
+415.84000E-06,-1.50292968750E+00,+11.80664062500E+00
+415.86000E-06,-1.50292968750E+00,+11.80664062500E+00
+415.88000E-06,-1.50292968750E+00,+11.80664062500E+00
+415.90000E-06,-1.50390625000E+00,+11.80664062500E+00
+415.92000E-06,-1.50292968750E+00,+11.80664062500E+00
+415.94000E-06,-1.50292968750E+00,+11.80664062500E+00
+415.96000E-06,-1.50292968750E+00,+11.80664062500E+00
+415.98000E-06,-1.50292968750E+00,+11.80664062500E+00
+416.00000E-06,-1.50292968750E+00,+11.80664062500E+00
+416.02000E-06,-1.50292968750E+00,+11.80664062500E+00
+416.04000E-06,-1.50292968750E+00,+11.79687500000E+00
+416.06000E-06,-1.50292968750E+00,+11.79687500000E+00
+416.08000E-06,-1.50292968750E+00,+11.79687500000E+00
+416.10000E-06,-1.50292968750E+00,+11.79687500000E+00
+416.12000E-06,-1.50292968750E+00,+11.79687500000E+00
+416.14000E-06,-1.50292968750E+00,+11.79687500000E+00
+416.16000E-06,-1.50292968750E+00,+11.79687500000E+00
+416.18000E-06,-1.50292968750E+00,+11.79687500000E+00
+416.20000E-06,-1.50292968750E+00,+11.79687500000E+00
+416.22000E-06,-1.50292968750E+00,+11.79687500000E+00
+416.24000E-06,-1.50292968750E+00,+11.78710937500E+00
+416.26000E-06,-1.50292968750E+00,+11.78710937500E+00
+416.28000E-06,-1.50292968750E+00,+11.78710937500E+00
+416.30000E-06,-1.50292968750E+00,+11.78710937500E+00
+416.32000E-06,-1.50292968750E+00,+11.78710937500E+00
+416.34000E-06,-1.50292968750E+00,+11.78710937500E+00
+416.36000E-06,-1.50292968750E+00,+11.78710937500E+00
+416.38000E-06,-1.50292968750E+00,+11.78710937500E+00
+416.40000E-06,-1.50292968750E+00,+11.78710937500E+00
+416.42000E-06,-1.50292968750E+00,+11.78710937500E+00
+416.44000E-06,-1.50292968750E+00,+11.77734375000E+00
+416.46000E-06,-1.50292968750E+00,+11.77734375000E+00
+416.48000E-06,-1.50292968750E+00,+11.77734375000E+00
+416.50000E-06,-1.50292968750E+00,+11.77734375000E+00
+416.52000E-06,-1.50292968750E+00,+11.77734375000E+00
+416.54000E-06,-1.50292968750E+00,+11.77734375000E+00
+416.56000E-06,-1.50292968750E+00,+11.77734375000E+00
+416.58000E-06,-1.50292968750E+00,+11.77734375000E+00
+416.60000E-06,-1.50292968750E+00,+11.76757812500E+00
+416.62000E-06,-1.50292968750E+00,+11.76757812500E+00
+416.64000E-06,-1.50292968750E+00,+11.76757812500E+00
+416.66000E-06,-1.50292968750E+00,+11.76757812500E+00
+416.68000E-06,-1.50292968750E+00,+11.76757812500E+00
+416.70000E-06,-1.50292968750E+00,+11.76757812500E+00
+416.72000E-06,-1.50292968750E+00,+11.76757812500E+00
+416.74000E-06,-1.50292968750E+00,+11.76757812500E+00
+416.76000E-06,-1.50292968750E+00,+11.76757812500E+00
+416.78000E-06,-1.50195312500E+00,+11.75781250000E+00
+416.80000E-06,-1.50292968750E+00,+11.75781250000E+00
+416.82000E-06,-1.50195312500E+00,+11.75781250000E+00
+416.84000E-06,-1.50292968750E+00,+11.75781250000E+00
+416.86000E-06,-1.50292968750E+00,+11.75781250000E+00
+416.88000E-06,-1.50292968750E+00,+11.75781250000E+00
+416.90000E-06,-1.50292968750E+00,+11.75781250000E+00
+416.92000E-06,-1.50292968750E+00,+11.74804687500E+00
+416.94000E-06,-1.50292968750E+00,+11.74804687500E+00
+416.96000E-06,-1.50195312500E+00,+11.74804687500E+00
+416.98000E-06,-1.50195312500E+00,+11.74804687500E+00
+417.00000E-06,-1.50195312500E+00,+11.74804687500E+00
+417.02000E-06,-1.50195312500E+00,+11.74804687500E+00
+417.04000E-06,-1.50195312500E+00,+11.74804687500E+00
+417.06000E-06,-1.50292968750E+00,+11.73828125000E+00
+417.08000E-06,-1.50195312500E+00,+11.73828125000E+00
+417.10000E-06,-1.50195312500E+00,+11.73828125000E+00
+417.12000E-06,-1.50292968750E+00,+11.73828125000E+00
+417.14000E-06,-1.50195312500E+00,+11.73828125000E+00
+417.16000E-06,-1.50195312500E+00,+11.73828125000E+00
+417.18000E-06,-1.50195312500E+00,+11.72851562500E+00
+417.20000E-06,-1.50195312500E+00,+11.72851562500E+00
+417.22000E-06,-1.50292968750E+00,+11.72851562500E+00
+417.24000E-06,-1.50195312500E+00,+11.72851562500E+00
+417.26000E-06,-1.50195312500E+00,+11.72851562500E+00
+417.28000E-06,-1.50292968750E+00,+11.72851562500E+00
+417.30000E-06,-1.50292968750E+00,+11.71875000000E+00
+417.32000E-06,-1.50195312500E+00,+11.71875000000E+00
+417.34000E-06,-1.50195312500E+00,+11.71875000000E+00
+417.36000E-06,-1.50195312500E+00,+11.71875000000E+00
+417.38000E-06,-1.50195312500E+00,+11.71875000000E+00
+417.40000E-06,-1.50195312500E+00,+11.71875000000E+00
+417.42000E-06,-1.50195312500E+00,+11.70898437500E+00
+417.44000E-06,-1.50195312500E+00,+11.70898437500E+00
+417.46000E-06,-1.50292968750E+00,+11.70898437500E+00
+417.48000E-06,-1.50195312500E+00,+11.70898437500E+00
+417.50000E-06,-1.50195312500E+00,+11.70898437500E+00
+417.52000E-06,-1.50195312500E+00,+11.69921875000E+00
+417.54000E-06,-1.50195312500E+00,+11.69921875000E+00
+417.56000E-06,-1.50195312500E+00,+11.69921875000E+00
+417.58000E-06,-1.50292968750E+00,+11.69921875000E+00
+417.60000E-06,-1.50292968750E+00,+11.68945312500E+00
+417.62000E-06,-1.50292968750E+00,+11.68945312500E+00
+417.64000E-06,-1.50195312500E+00,+11.68945312500E+00
+417.66000E-06,-1.50195312500E+00,+11.68945312500E+00
+417.68000E-06,-1.50195312500E+00,+11.68945312500E+00
+417.70000E-06,-1.50195312500E+00,+11.67968750000E+00
+417.72000E-06,-1.50195312500E+00,+11.67968750000E+00
+417.74000E-06,-1.50195312500E+00,+11.67968750000E+00
+417.76000E-06,-1.50195312500E+00,+11.66992187500E+00
+417.78000E-06,-1.50195312500E+00,+11.66992187500E+00
+417.80000E-06,-1.50195312500E+00,+11.66992187500E+00
+417.82000E-06,-1.50195312500E+00,+11.66015625000E+00
+417.84000E-06,-1.50195312500E+00,+11.66015625000E+00
+417.86000E-06,-1.50195312500E+00,+11.66015625000E+00
+417.88000E-06,-1.50195312500E+00,+11.65039062500E+00
+417.90000E-06,-1.50195312500E+00,+11.65039062500E+00
+417.92000E-06,-1.50292968750E+00,+11.65039062500E+00
+417.94000E-06,-1.50195312500E+00,+11.64062500000E+00
+417.96000E-06,-1.50195312500E+00,+11.64062500000E+00
+417.98000E-06,-1.50195312500E+00,+11.63085937500E+00
+418.00000E-06,-1.50195312500E+00,+11.63085937500E+00
+418.02000E-06,-1.50195312500E+00,+11.62109375000E+00
+418.04000E-06,-1.50195312500E+00,+11.61132812500E+00
+418.06000E-06,-1.50195312500E+00,+11.61132812500E+00
+418.08000E-06,-1.50292968750E+00,+11.60156250000E+00
+418.10000E-06,-1.50195312500E+00,+11.59179687500E+00
+418.12000E-06,-1.50195312500E+00,+11.58203125000E+00
+418.14000E-06,-1.50195312500E+00,+11.57226562500E+00
+418.16000E-06,-1.50195312500E+00,+11.55273437500E+00
+418.18000E-06,-1.50292968750E+00,+11.53320312500E+00
+418.20000E-06,-1.50195312500E+00,+11.51367187500E+00
+418.22000E-06,-1.50292968750E+00,+11.48437500000E+00
+418.24000E-06,-1.50292968750E+00,+11.44531250001E+00
+418.26000E-06,-1.50292968750E+00,+11.39648437501E+00
+418.28000E-06,-1.50292968750E+00,+11.32812500001E+00
+418.30000E-06,-1.50292968750E+00,+11.24023437501E+00
+418.32000E-06,-1.50292968750E+00,+11.14257812501E+00
+418.34000E-06,-1.50390625000E+00,+11.00585937502E+00
+418.36000E-06,-1.50390625000E+00,+10.85937500002E+00
+418.38000E-06,-1.50488281250E+00,+10.69335937502E+00
+418.40000E-06,-1.50488281250E+00,+10.50781250003E+00
+418.42000E-06,-1.50585937500E+00,+10.31250000003E+00
+418.44000E-06,-1.50585937500E+00,+10.10742187503E+00
+418.46000E-06,-1.50585937500E+00,+9.88281250003E+00
+418.48000E-06,-1.50585937500E+00,+9.63867187503E+00
+418.50000E-06,-1.50585937500E+00,+9.39453125003E+00
+418.52000E-06,-1.50683593750E+00,+9.12109375004E+00
+418.54000E-06,-1.50683593750E+00,+8.84765625004E+00
+418.56000E-06,-1.50683593750E+00,+8.57421875004E+00
+418.58000E-06,-1.50781250000E+00,+8.27148437504E+00
+418.60000E-06,-1.50781250000E+00,+7.96875000004E+00
+418.62000E-06,-1.50781250000E+00,+7.66601562504E+00
+418.64000E-06,-1.50781250000E+00,+7.34375000005E+00
+418.66000E-06,-1.50781250000E+00,+7.02148437505E+00
+418.68000E-06,-1.50781250000E+00,+6.68945312505E+00
+418.70000E-06,-1.50878906250E+00,+6.35742187505E+00
+418.72000E-06,-1.50878906250E+00,+6.03515625005E+00
+418.74000E-06,-1.50878906250E+00,+5.69335937505E+00
+418.76000E-06,-1.50878906250E+00,+5.34179687505E+00
+418.78000E-06,-1.50878906250E+00,+5.00976562505E+00
+418.80000E-06,-1.50878906250E+00,+4.66796875005E+00
+418.82000E-06,-1.50878906250E+00,+4.33593750005E+00
+418.84000E-06,-1.50878906250E+00,+3.99414062505E+00
+418.86000E-06,-1.50878906250E+00,+3.67187500005E+00
+418.88000E-06,-1.50878906250E+00,+3.35937500005E+00
+418.90000E-06,-1.50878906250E+00,+3.05664062504E+00
+418.92000E-06,-1.50878906250E+00,+2.76367187504E+00
+418.94000E-06,-1.50878906250E+00,+2.49023437504E+00
+418.96000E-06,-1.50878906250E+00,+2.20703125004E+00
+418.98000E-06,-1.50781250000E+00,+1.93359375004E+00
+419.00000E-06,-1.50781250000E+00,+1.68945312504E+00
+419.02000E-06,-1.50781250000E+00,+1.45507812504E+00
+419.04000E-06,-1.50781250000E+00,+1.21093750004E+00
+419.06000E-06,-1.50781250000E+00,+1.00585937503E+00
+419.08000E-06,-1.50781250000E+00,+810.54687503E-03
+419.10000E-06,-1.50683593750E+00,+625.00000003E-03
+419.12000E-06,-1.50683593750E+00,+458.98437503E-03
+419.14000E-06,-1.50585937500E+00,+322.26562502E-03
+419.16000E-06,-1.50585937500E+00,+175.78125002E-03
+419.18000E-06,-1.50488281250E+00,+78.12500002E-03
+419.20000E-06,-1.50488281250E+00,+10E-12
+419.22000E-06,-1.50390625000E+00,-78.12499999E-03
+419.24000E-06,-1.50390625000E+00,-146.48437499E-03
+419.26000E-06,-1.50292968750E+00,-185.54687499E-03
+419.28000E-06,-1.50292968750E+00,-214.84375000E-03
+419.30000E-06,-1.50292968750E+00,-234.37500000E-03
+419.32000E-06,-1.50195312500E+00,-224.60937500E-03
+419.34000E-06,-1.50097656250E+00,-205.07812500E-03
+419.36000E-06,-1.50097656250E+00,-166.01562501E-03
+419.38000E-06,-1.50000000000E+00,-117.18750001E-03
+419.40000E-06,-1.50000000000E+00,-48.82812501E-03
+419.42000E-06,-1.49902343750E+00,+19.53124999E-03
+419.44000E-06,-1.49902343750E+00,+107.42187499E-03
+419.46000E-06,-1.49804687500E+00,+234.37499998E-03
+419.48000E-06,-1.49804687500E+00,+380.85937498E-03
+419.50000E-06,-1.49707031250E+00,+527.34374998E-03
+419.52000E-06,-1.49707031250E+00,+693.35937497E-03
+419.54000E-06,-1.49707031250E+00,+878.90624997E-03
+419.56000E-06,-1.49707031250E+00,+1.07421874997E+00
+419.58000E-06,-1.49609375000E+00,+1.27929687497E+00
+419.60000E-06,-1.49609375000E+00,+1.51367187496E+00
+419.62000E-06,-1.49609375000E+00,+1.74804687496E+00
+419.64000E-06,-1.49609375000E+00,+1.99218749996E+00
+419.66000E-06,-1.49511718750E+00,+2.24609374996E+00
+419.68000E-06,-1.49511718750E+00,+2.51953124995E+00
+419.70000E-06,-1.49511718750E+00,+2.78320312496E+00
+419.72000E-06,-1.49511718750E+00,+3.06640624995E+00
+419.74000E-06,-1.49511718750E+00,+3.33984374995E+00
+419.76000E-06,-1.49511718750E+00,+3.63281249995E+00
+419.78000E-06,-1.49511718750E+00,+3.93554687495E+00
+419.80000E-06,-1.49511718750E+00,+4.24804687495E+00
+419.82000E-06,-1.49511718750E+00,+4.56054687495E+00
+419.84000E-06,-1.49511718750E+00,+4.87304687495E+00
+419.86000E-06,-1.49511718750E+00,+5.18554687495E+00
+419.88000E-06,-1.49511718750E+00,+5.48828124995E+00
+419.90000E-06,-1.49511718750E+00,+5.79101562495E+00
+419.92000E-06,-1.49609375000E+00,+6.09374999995E+00
+419.94000E-06,-1.49609375000E+00,+6.37695312495E+00
+419.96000E-06,-1.49511718750E+00,+6.67968749995E+00
+419.98000E-06,-955.07812510E-03,+7.00195312494E+00
+420.00000E-06,+458.98437475E-03,+7.34374999994E+00
+420.02000E-06,+1.06933593739E+00,+6.06445312523E+00
+420.04000E-06,+1.22363281247E+00,+2.35351562566E+00
+420.06000E-06,+1.23437500000E+00,+439.45312534E-03
+420.08000E-06,+1.25781250000E+00,+166.01562505E-03
+420.10000E-06,+1.26953125000E+00,+126.95312501E-03
+420.12000E-06,+1.26367187500E+00,+117.18750000E-03
+420.14000E-06,+1.27050781250E+00,+117.18750000E-03
+420.16000E-06,+1.27148437500E+00,+117.18750000E-03
+420.18000E-06,+1.26562500000E+00,+117.18750000E-03
+420.20000E-06,+1.27441406250E+00,+117.18750000E-03
+420.22000E-06,+1.27148437500E+00,+107.42187500E-03
+420.24000E-06,+1.27148437500E+00,+107.42187500E-03
+420.26000E-06,+1.27343750000E+00,+107.42187500E-03
+420.28000E-06,+1.27343750000E+00,+107.42187500E-03
+420.30000E-06,+1.27148437500E+00,+107.42187500E-03
+420.32000E-06,+1.27636718750E+00,+107.42187500E-03
+420.34000E-06,+1.27246093750E+00,+107.42187500E-03
+420.36000E-06,+1.27441406250E+00,+107.42187500E-03
+420.38000E-06,+1.27441406250E+00,+107.42187500E-03
+420.40000E-06,+1.27539062500E+00,+107.42187500E-03
+420.42000E-06,+1.27441406250E+00,+107.42187500E-03
+420.44000E-06,+1.27636718750E+00,+107.42187500E-03
+420.46000E-06,+1.27441406250E+00,+97.65625000E-03
+420.48000E-06,+1.27636718750E+00,+107.42187500E-03
+420.50000E-06,+1.27539062500E+00,+107.42187500E-03
+420.52000E-06,+1.27539062500E+00,+107.42187500E-03
+420.54000E-06,+1.27539062500E+00,+97.65625000E-03
+420.56000E-06,+1.27636718750E+00,+107.42187500E-03
+420.58000E-06,+1.27636718750E+00,+97.65625000E-03
+420.60000E-06,+1.27636718750E+00,+107.42187500E-03
+420.62000E-06,+1.27636718750E+00,+97.65625000E-03
+420.64000E-06,+1.27636718750E+00,+107.42187500E-03
+420.66000E-06,+1.27636718750E+00,+97.65625000E-03
+420.68000E-06,+1.27636718750E+00,+107.42187500E-03
+420.70000E-06,+1.27636718750E+00,+107.42187500E-03
+420.72000E-06,+1.27636718750E+00,+107.42187500E-03
+420.74000E-06,+1.27636718750E+00,+107.42187500E-03
+420.76000E-06,+1.27636718750E+00,+107.42187500E-03
+420.78000E-06,+1.27636718750E+00,+107.42187500E-03
+420.80000E-06,+1.27636718750E+00,+107.42187500E-03
+420.82000E-06,+1.27636718750E+00,+107.42187500E-03
+420.84000E-06,+1.27636718750E+00,+107.42187500E-03
+420.86000E-06,+1.27636718750E+00,+107.42187500E-03
+420.88000E-06,+1.27636718750E+00,+107.42187500E-03
+420.90000E-06,+1.27636718750E+00,+107.42187500E-03
+420.92000E-06,+1.27636718750E+00,+107.42187500E-03
+420.94000E-06,+1.27636718750E+00,+107.42187500E-03
+420.96000E-06,+1.27539062500E+00,+107.42187500E-03
+420.98000E-06,+1.27539062500E+00,+107.42187500E-03
+421.00000E-06,+1.27539062500E+00,+107.42187500E-03
+421.02000E-06,+1.27539062500E+00,+107.42187500E-03
+421.04000E-06,+1.27539062500E+00,+107.42187500E-03
+421.06000E-06,+1.27539062500E+00,+107.42187500E-03
+421.08000E-06,+1.27539062500E+00,+117.18750000E-03
+421.10000E-06,+1.27539062500E+00,+107.42187500E-03
+421.12000E-06,+1.27539062500E+00,+117.18750000E-03
+421.14000E-06,+1.27539062500E+00,+107.42187500E-03
+421.16000E-06,+1.27539062500E+00,+117.18750000E-03
+421.18000E-06,+1.27539062500E+00,+107.42187500E-03
+421.20000E-06,+1.27441406250E+00,+117.18750000E-03
+421.22000E-06,+1.27441406250E+00,+117.18750000E-03
+421.24000E-06,+1.27441406250E+00,+117.18750000E-03
+421.26000E-06,+1.27441406250E+00,+117.18750000E-03
+421.28000E-06,+1.27441406250E+00,+117.18750000E-03
+421.30000E-06,+1.27441406250E+00,+117.18750000E-03
+421.32000E-06,+1.27441406250E+00,+117.18750000E-03
+421.34000E-06,+1.27441406250E+00,+117.18750000E-03
+421.36000E-06,+1.27441406250E+00,+117.18750000E-03
+421.38000E-06,+1.27343750000E+00,+117.18750000E-03
+421.40000E-06,+1.27343750000E+00,+117.18750000E-03
+421.42000E-06,+1.27343750000E+00,+117.18750000E-03
+421.44000E-06,+1.27343750000E+00,+117.18750000E-03
+421.46000E-06,+1.27343750000E+00,+117.18750000E-03
+421.48000E-06,+1.27343750000E+00,+117.18750000E-03
+421.50000E-06,+1.27343750000E+00,+117.18750000E-03
+421.52000E-06,+1.27343750000E+00,+117.18750000E-03
+421.54000E-06,+1.27343750000E+00,+117.18750000E-03
+421.56000E-06,+1.27343750000E+00,+126.95312500E-03
+421.58000E-06,+1.27343750000E+00,+117.18750000E-03
+421.60000E-06,+1.27343750000E+00,+126.95312500E-03
+421.62000E-06,+1.27246093750E+00,+126.95312500E-03
+421.64000E-06,+1.27343750000E+00,+126.95312500E-03
+421.66000E-06,+1.27246093750E+00,+126.95312500E-03
+421.68000E-06,+1.27246093750E+00,+126.95312500E-03
+421.70000E-06,+1.27246093750E+00,+126.95312500E-03
+421.72000E-06,+1.27246093750E+00,+126.95312500E-03
+421.74000E-06,+1.27246093750E+00,+126.95312500E-03
+421.76000E-06,+1.27246093750E+00,+126.95312500E-03
+421.78000E-06,+1.27246093750E+00,+126.95312500E-03
+421.80000E-06,+1.27246093750E+00,+126.95312500E-03
+421.82000E-06,+1.27246093750E+00,+126.95312500E-03
+421.84000E-06,+1.27246093750E+00,+126.95312500E-03
+421.86000E-06,+1.27246093750E+00,+126.95312500E-03
+421.88000E-06,+1.27246093750E+00,+126.95312500E-03
+421.90000E-06,+1.27246093750E+00,+126.95312500E-03
+421.92000E-06,+1.27246093750E+00,+126.95312500E-03
+421.94000E-06,+1.27148437500E+00,+126.95312500E-03
+421.96000E-06,+1.27246093750E+00,+126.95312500E-03
+421.98000E-06,+1.27148437500E+00,+126.95312500E-03
+422.00000E-06,+1.27148437500E+00,+126.95312500E-03
+422.02000E-06,+1.27148437500E+00,+126.95312500E-03
+422.04000E-06,+1.27148437500E+00,+126.95312500E-03
+422.06000E-06,+1.27148437500E+00,+126.95312500E-03
+422.08000E-06,+1.27148437500E+00,+126.95312500E-03
+422.10000E-06,+1.27148437500E+00,+136.71875000E-03
+422.12000E-06,+1.27148437500E+00,+126.95312500E-03
+422.14000E-06,+1.27148437500E+00,+126.95312500E-03
+422.16000E-06,+1.27148437500E+00,+136.71875000E-03
+422.18000E-06,+1.27148437500E+00,+136.71875000E-03
+422.20000E-06,+1.27148437500E+00,+136.71875000E-03
+422.22000E-06,+1.27148437500E+00,+136.71875000E-03
+422.24000E-06,+1.27148437500E+00,+136.71875000E-03
+422.26000E-06,+1.27148437500E+00,+136.71875000E-03
+422.28000E-06,+1.27148437500E+00,+136.71875000E-03
+422.30000E-06,+1.27148437500E+00,+136.71875000E-03
+422.32000E-06,+1.27148437500E+00,+136.71875000E-03
+422.34000E-06,+1.27050781250E+00,+136.71875000E-03
+422.36000E-06,+1.27148437500E+00,+136.71875000E-03
+422.38000E-06,+1.27148437500E+00,+136.71875000E-03
+422.40000E-06,+1.27148437500E+00,+136.71875000E-03
+422.42000E-06,+1.27148437500E+00,+136.71875000E-03
+422.44000E-06,+1.27148437500E+00,+136.71875000E-03
+422.46000E-06,+1.27050781250E+00,+136.71875000E-03
+422.48000E-06,+1.27148437500E+00,+136.71875000E-03
+422.50000E-06,+1.27050781250E+00,+136.71875000E-03
+422.52000E-06,+1.27148437500E+00,+136.71875000E-03
+422.54000E-06,+1.27148437500E+00,+136.71875000E-03
+422.56000E-06,+1.27050781250E+00,+136.71875000E-03
+422.58000E-06,+1.27050781250E+00,+136.71875000E-03
+422.60000E-06,+1.27050781250E+00,+136.71875000E-03
+422.62000E-06,+1.27050781250E+00,+136.71875000E-03
+422.64000E-06,+1.27050781250E+00,+136.71875000E-03
+422.66000E-06,+1.27050781250E+00,+136.71875000E-03
+422.68000E-06,+1.27050781250E+00,+146.48437500E-03
+422.70000E-06,+1.27050781250E+00,+136.71875000E-03
+422.72000E-06,+1.27050781250E+00,+146.48437500E-03
+422.74000E-06,+1.27050781250E+00,+136.71875000E-03
+422.76000E-06,+1.27050781250E+00,+136.71875000E-03
+422.78000E-06,+1.27050781250E+00,+146.48437500E-03
+422.80000E-06,+1.27050781250E+00,+146.48437500E-03
+422.82000E-06,+1.27050781250E+00,+146.48437500E-03
+422.84000E-06,+1.27050781250E+00,+146.48437500E-03
+422.86000E-06,+1.27050781250E+00,+146.48437500E-03
+422.88000E-06,+1.27050781250E+00,+146.48437500E-03
+422.90000E-06,+1.27050781250E+00,+146.48437500E-03
+422.92000E-06,+1.27050781250E+00,+146.48437500E-03
+422.94000E-06,+1.27050781250E+00,+146.48437500E-03
+422.96000E-06,+1.27050781250E+00,+146.48437500E-03
+422.98000E-06,+1.27050781250E+00,+146.48437500E-03
+423.00000E-06,+1.27050781250E+00,+146.48437500E-03
+423.02000E-06,+1.27050781250E+00,+146.48437500E-03
+423.04000E-06,+1.27050781250E+00,+146.48437500E-03
+423.06000E-06,+1.27050781250E+00,+146.48437500E-03
+423.08000E-06,+1.27050781250E+00,+146.48437500E-03
+423.10000E-06,+1.27050781250E+00,+146.48437500E-03
+423.12000E-06,+1.27050781250E+00,+146.48437500E-03
+423.14000E-06,+1.27050781250E+00,+146.48437500E-03
+423.16000E-06,+1.27050781250E+00,+146.48437500E-03
+423.18000E-06,+1.27050781250E+00,+146.48437500E-03
+423.20000E-06,+1.27050781250E+00,+146.48437500E-03
+423.22000E-06,+1.27050781250E+00,+146.48437500E-03
+423.24000E-06,+1.27050781250E+00,+146.48437500E-03
+423.26000E-06,+1.27050781250E+00,+146.48437500E-03
+423.28000E-06,+1.27050781250E+00,+146.48437500E-03
+423.30000E-06,+1.27050781250E+00,+146.48437500E-03
+423.32000E-06,+1.27050781250E+00,+146.48437500E-03
+423.34000E-06,+1.27050781250E+00,+146.48437500E-03
+423.36000E-06,+1.27050781250E+00,+146.48437500E-03
+423.38000E-06,+1.27050781250E+00,+146.48437500E-03
+423.40000E-06,+1.27050781250E+00,+146.48437500E-03
+423.42000E-06,+1.27050781250E+00,+146.48437500E-03
+423.44000E-06,+1.27050781250E+00,+146.48437500E-03
+423.46000E-06,+1.27050781250E+00,+146.48437500E-03
+423.48000E-06,+1.27050781250E+00,+156.25000000E-03
+423.50000E-06,+1.27050781250E+00,+156.25000000E-03
+423.52000E-06,+1.27050781250E+00,+156.25000000E-03
+423.54000E-06,+1.27050781250E+00,+156.25000000E-03
+423.56000E-06,+1.27050781250E+00,+156.25000000E-03
+423.58000E-06,+1.27050781250E+00,+156.25000000E-03
+423.60000E-06,+1.27050781250E+00,+156.25000000E-03
+423.62000E-06,+1.27050781250E+00,+156.25000000E-03
+423.64000E-06,+1.27050781250E+00,+156.25000000E-03
+423.66000E-06,+1.27050781250E+00,+156.25000000E-03
+423.68000E-06,+1.27050781250E+00,+156.25000000E-03
+423.70000E-06,+1.27050781250E+00,+156.25000000E-03
+423.72000E-06,+1.27050781250E+00,+156.25000000E-03
+423.74000E-06,+1.27050781250E+00,+156.25000000E-03
+423.76000E-06,+1.27050781250E+00,+156.25000000E-03
+423.78000E-06,+1.27050781250E+00,+156.25000000E-03
+423.80000E-06,+1.27050781250E+00,+156.25000000E-03
+423.82000E-06,+1.27050781250E+00,+156.25000000E-03
+423.84000E-06,+1.27050781250E+00,+156.25000000E-03
+423.86000E-06,+1.27050781250E+00,+156.25000000E-03
+423.88000E-06,+1.27050781250E+00,+156.25000000E-03
+423.90000E-06,+1.27050781250E+00,+156.25000000E-03
+423.92000E-06,+1.27050781250E+00,+156.25000000E-03
+423.94000E-06,+1.27050781250E+00,+156.25000000E-03
+423.96000E-06,+1.27050781250E+00,+156.25000000E-03
+423.98000E-06,+1.27050781250E+00,+156.25000000E-03
+424.00000E-06,+1.27050781250E+00,+156.25000000E-03
+424.02000E-06,+1.27050781250E+00,+156.25000000E-03
+424.04000E-06,+1.27050781250E+00,+156.25000000E-03
+424.06000E-06,+1.27050781250E+00,+156.25000000E-03
+424.08000E-06,+1.27050781250E+00,+156.25000000E-03
+424.10000E-06,+1.27050781250E+00,+156.25000000E-03
+424.12000E-06,+1.27050781250E+00,+166.01562500E-03
+424.14000E-06,+1.27050781250E+00,+156.25000000E-03
+424.16000E-06,+1.27050781250E+00,+156.25000000E-03
+424.18000E-06,+1.27050781250E+00,+166.01562500E-03
+424.20000E-06,+1.27050781250E+00,+166.01562500E-03
+424.22000E-06,+1.27050781250E+00,+166.01562500E-03
+424.24000E-06,+1.27050781250E+00,+166.01562500E-03
+424.26000E-06,+1.27050781250E+00,+166.01562500E-03
+424.28000E-06,+1.27050781250E+00,+166.01562500E-03
+424.30000E-06,+1.27050781250E+00,+166.01562500E-03
+424.32000E-06,+1.27050781250E+00,+166.01562500E-03
+424.34000E-06,+1.27050781250E+00,+166.01562500E-03
+424.36000E-06,+1.27050781250E+00,+166.01562500E-03
+424.38000E-06,+1.27050781250E+00,+166.01562500E-03
+424.40000E-06,+1.27050781250E+00,+166.01562500E-03
+424.42000E-06,+1.27050781250E+00,+166.01562500E-03
+424.44000E-06,+1.27050781250E+00,+166.01562500E-03
+424.46000E-06,+1.27050781250E+00,+166.01562500E-03
+424.48000E-06,+1.27050781250E+00,+166.01562500E-03
+424.50000E-06,+1.27050781250E+00,+166.01562500E-03
+424.52000E-06,+1.27050781250E+00,+166.01562500E-03
+424.54000E-06,+1.27050781250E+00,+166.01562500E-03
+424.56000E-06,+1.27050781250E+00,+166.01562500E-03
+424.58000E-06,+1.27050781250E+00,+166.01562500E-03
+424.60000E-06,+1.27050781250E+00,+166.01562500E-03
+424.62000E-06,+1.27050781250E+00,+166.01562500E-03
+424.64000E-06,+1.27050781250E+00,+166.01562500E-03
+424.66000E-06,+1.27050781250E+00,+166.01562500E-03
+424.68000E-06,+1.27050781250E+00,+166.01562500E-03
+424.70000E-06,+1.27050781250E+00,+166.01562500E-03
+424.72000E-06,+1.27050781250E+00,+166.01562500E-03
+424.74000E-06,+1.27050781250E+00,+166.01562500E-03
+424.76000E-06,+1.27050781250E+00,+166.01562500E-03
+424.78000E-06,+1.27050781250E+00,+166.01562500E-03
+424.80000E-06,+1.27050781250E+00,+166.01562500E-03
+424.82000E-06,+1.27050781250E+00,+166.01562500E-03
+424.84000E-06,+1.27050781250E+00,+166.01562500E-03
+424.86000E-06,+1.27050781250E+00,+166.01562500E-03
+424.88000E-06,+1.27050781250E+00,+166.01562500E-03
+424.90000E-06,+1.27050781250E+00,+166.01562500E-03
+424.92000E-06,+1.27050781250E+00,+166.01562500E-03
+424.94000E-06,+1.27050781250E+00,+166.01562500E-03
+424.96000E-06,+1.27050781250E+00,+166.01562500E-03
+424.98000E-06,+1.27050781250E+00,+166.01562500E-03
+425.00000E-06,+1.27050781250E+00,+166.01562500E-03
+425.02000E-06,+1.27050781250E+00,+166.01562500E-03
+425.04000E-06,+1.27050781250E+00,+175.78125000E-03
+425.06000E-06,+1.27050781250E+00,+175.78125000E-03
+425.08000E-06,+1.27050781250E+00,+166.01562500E-03
+425.10000E-06,+1.27050781250E+00,+166.01562500E-03
+425.12000E-06,+1.27050781250E+00,+175.78125000E-03
+425.14000E-06,+1.27050781250E+00,+166.01562500E-03
+425.16000E-06,+1.27050781250E+00,+175.78125000E-03
+425.18000E-06,+1.27050781250E+00,+166.01562500E-03
+425.20000E-06,+1.27050781250E+00,+175.78125000E-03
+425.22000E-06,+1.27050781250E+00,+175.78125000E-03
+425.24000E-06,+1.27050781250E+00,+175.78125000E-03
+425.26000E-06,+1.27050781250E+00,+175.78125000E-03
+425.28000E-06,+1.27050781250E+00,+175.78125000E-03
+425.30000E-06,+1.27050781250E+00,+175.78125000E-03
+425.32000E-06,+1.27050781250E+00,+175.78125000E-03
+425.34000E-06,+1.27050781250E+00,+175.78125000E-03
+425.36000E-06,+1.27050781250E+00,+175.78125000E-03
+425.38000E-06,+1.27050781250E+00,+175.78125000E-03
+425.40000E-06,+1.27050781250E+00,+175.78125000E-03
+425.42000E-06,+1.27050781250E+00,+175.78125000E-03
+425.44000E-06,+1.27050781250E+00,+175.78125000E-03
+425.46000E-06,+1.27050781250E+00,+175.78125000E-03
+425.48000E-06,+1.27050781250E+00,+175.78125000E-03
+425.50000E-06,+1.27050781250E+00,+175.78125000E-03
+425.52000E-06,+1.27050781250E+00,+175.78125000E-03
+425.54000E-06,+1.27050781250E+00,+175.78125000E-03
+425.56000E-06,+1.27050781250E+00,+175.78125000E-03
+425.58000E-06,+1.27050781250E+00,+175.78125000E-03
+425.60000E-06,+1.27050781250E+00,+175.78125000E-03
+425.62000E-06,+1.27050781250E+00,+175.78125000E-03
+425.64000E-06,+1.27050781250E+00,+175.78125000E-03
+425.66000E-06,+1.27050781250E+00,+175.78125000E-03
+425.68000E-06,+1.27050781250E+00,+175.78125000E-03
+425.70000E-06,+1.27050781250E+00,+175.78125000E-03
+425.72000E-06,+1.27050781250E+00,+175.78125000E-03
+425.74000E-06,+1.27050781250E+00,+175.78125000E-03
+425.76000E-06,+1.27050781250E+00,+175.78125000E-03
+425.78000E-06,+1.27050781250E+00,+175.78125000E-03
+425.80000E-06,+1.27050781250E+00,+175.78125000E-03
+425.82000E-06,+1.27050781250E+00,+175.78125000E-03
+425.84000E-06,+1.27050781250E+00,+175.78125000E-03
+425.86000E-06,+1.27050781250E+00,+175.78125000E-03
+425.88000E-06,+1.27148437500E+00,+175.78125000E-03
+425.90000E-06,+1.27050781250E+00,+175.78125000E-03
+425.92000E-06,+1.27148437500E+00,+175.78125000E-03
+425.94000E-06,+1.27050781250E+00,+175.78125000E-03
+425.96000E-06,+1.27050781250E+00,+175.78125000E-03
+425.98000E-06,+1.27148437500E+00,+175.78125000E-03
+426.00000E-06,+1.27050781250E+00,+185.54687500E-03
+426.02000E-06,+1.27050781250E+00,+185.54687500E-03
+426.04000E-06,+1.27050781250E+00,+185.54687500E-03
+426.06000E-06,+1.27050781250E+00,+185.54687500E-03
+426.08000E-06,+1.27148437500E+00,+185.54687500E-03
+426.10000E-06,+1.27050781250E+00,+175.78125000E-03
+426.12000E-06,+1.27050781250E+00,+185.54687500E-03
+426.14000E-06,+1.27148437500E+00,+185.54687500E-03
+426.16000E-06,+1.27148437500E+00,+185.54687500E-03
+426.18000E-06,+1.27050781250E+00,+185.54687500E-03
+426.20000E-06,+1.27148437500E+00,+185.54687500E-03
+426.22000E-06,+1.27148437500E+00,+185.54687500E-03
+426.24000E-06,+1.27148437500E+00,+185.54687500E-03
+426.26000E-06,+1.27050781250E+00,+185.54687500E-03
+426.28000E-06,+1.27148437500E+00,+185.54687500E-03
+426.30000E-06,+1.27148437500E+00,+185.54687500E-03
+426.32000E-06,+1.27050781250E+00,+185.54687500E-03
+426.34000E-06,+1.27148437500E+00,+185.54687500E-03
+426.36000E-06,+1.27148437500E+00,+185.54687500E-03
+426.38000E-06,+1.27148437500E+00,+185.54687500E-03
+426.40000E-06,+1.27148437500E+00,+185.54687500E-03
+426.42000E-06,+1.27148437500E+00,+185.54687500E-03
+426.44000E-06,+1.27148437500E+00,+185.54687500E-03
+426.46000E-06,+1.27148437500E+00,+185.54687500E-03
+426.48000E-06,+1.27148437500E+00,+185.54687500E-03
+426.50000E-06,+1.27148437500E+00,+185.54687500E-03
+426.52000E-06,+1.27148437500E+00,+185.54687500E-03
+426.54000E-06,+1.27148437500E+00,+185.54687500E-03
+426.56000E-06,+1.27148437500E+00,+185.54687500E-03
+426.58000E-06,+1.27148437500E+00,+185.54687500E-03
+426.60000E-06,+1.27148437500E+00,+185.54687500E-03
+426.62000E-06,+1.27148437500E+00,+185.54687500E-03
+426.64000E-06,+1.27148437500E+00,+185.54687500E-03
+426.66000E-06,+1.27148437500E+00,+185.54687500E-03
+426.68000E-06,+1.27148437500E+00,+185.54687500E-03
+426.70000E-06,+1.27148437500E+00,+185.54687500E-03
+426.72000E-06,+1.27148437500E+00,+185.54687500E-03
+426.74000E-06,+1.27148437500E+00,+185.54687500E-03
+426.76000E-06,+1.27148437500E+00,+185.54687500E-03
+426.78000E-06,+1.27148437500E+00,+185.54687500E-03
+426.80000E-06,+1.27148437500E+00,+185.54687500E-03
+426.82000E-06,+1.27148437500E+00,+185.54687500E-03
+426.84000E-06,+1.27148437500E+00,+185.54687500E-03
+426.86000E-06,+1.27148437500E+00,+185.54687500E-03
+426.88000E-06,+1.27148437500E+00,+195.31250000E-03
+426.90000E-06,+1.27148437500E+00,+185.54687500E-03
+426.92000E-06,+1.27148437500E+00,+185.54687500E-03
+426.94000E-06,+1.27148437500E+00,+185.54687500E-03
+426.96000E-06,+1.27148437500E+00,+195.31250000E-03
+426.98000E-06,+1.27148437500E+00,+195.31250000E-03
+427.00000E-06,+1.27148437500E+00,+195.31250000E-03
+427.02000E-06,+1.27148437500E+00,+195.31250000E-03
+427.04000E-06,+1.27148437500E+00,+195.31250000E-03
+427.06000E-06,+1.27148437500E+00,+195.31250000E-03
+427.08000E-06,+1.27148437500E+00,+195.31250000E-03
+427.10000E-06,+1.27148437500E+00,+195.31250000E-03
+427.12000E-06,+1.27148437500E+00,+195.31250000E-03
+427.14000E-06,+1.27148437500E+00,+195.31250000E-03
+427.16000E-06,+1.27148437500E+00,+195.31250000E-03
+427.18000E-06,+1.27148437500E+00,+195.31250000E-03
+427.20000E-06,+1.27148437500E+00,+195.31250000E-03
+427.22000E-06,+1.27148437500E+00,+195.31250000E-03
+427.24000E-06,+1.27148437500E+00,+195.31250000E-03
+427.26000E-06,+1.27148437500E+00,+195.31250000E-03
+427.28000E-06,+1.27148437500E+00,+195.31250000E-03
+427.30000E-06,+1.27148437500E+00,+195.31250000E-03
+427.32000E-06,+1.27148437500E+00,+195.31250000E-03
+427.34000E-06,+1.27148437500E+00,+195.31250000E-03
+427.36000E-06,+1.27148437500E+00,+195.31250000E-03
+427.38000E-06,+1.27148437500E+00,+195.31250000E-03
+427.40000E-06,+1.27148437500E+00,+195.31250000E-03
+427.42000E-06,+1.27148437500E+00,+195.31250000E-03
+427.44000E-06,+1.27148437500E+00,+195.31250000E-03
+427.46000E-06,+1.27148437500E+00,+195.31250000E-03
+427.48000E-06,+1.27148437500E+00,+195.31250000E-03
+427.50000E-06,+1.27148437500E+00,+195.31250000E-03
+427.52000E-06,+1.27148437500E+00,+195.31250000E-03
+427.54000E-06,+1.27148437500E+00,+195.31250000E-03
+427.56000E-06,+1.27148437500E+00,+195.31250000E-03
+427.58000E-06,+1.27148437500E+00,+195.31250000E-03
+427.60000E-06,+1.27148437500E+00,+195.31250000E-03
+427.62000E-06,+1.27148437500E+00,+195.31250000E-03
+427.64000E-06,+1.27148437500E+00,+195.31250000E-03
+427.66000E-06,+1.27148437500E+00,+195.31250000E-03
+427.68000E-06,+1.27148437500E+00,+195.31250000E-03
+427.70000E-06,+1.27148437500E+00,+195.31250000E-03
+427.72000E-06,+1.27148437500E+00,+195.31250000E-03
+427.74000E-06,+1.27246093750E+00,+195.31250000E-03
+427.76000E-06,+1.27246093750E+00,+195.31250000E-03
+427.78000E-06,+1.27148437500E+00,+195.31250000E-03
+427.80000E-06,+1.27148437500E+00,+195.31250000E-03
+427.82000E-06,+1.27246093750E+00,+195.31250000E-03
+427.84000E-06,+1.27246093750E+00,+195.31250000E-03
+427.86000E-06,+1.27148437500E+00,+195.31250000E-03
+427.88000E-06,+1.27148437500E+00,+205.07812500E-03
+427.90000E-06,+1.27246093750E+00,+205.07812500E-03
+427.92000E-06,+1.27246093750E+00,+195.31250000E-03
+427.94000E-06,+1.27246093750E+00,+195.31250000E-03
+427.96000E-06,+1.27246093750E+00,+205.07812500E-03
+427.98000E-06,+1.27246093750E+00,+195.31250000E-03
+428.00000E-06,+1.27246093750E+00,+205.07812500E-03
+428.02000E-06,+1.27246093750E+00,+205.07812500E-03
+428.04000E-06,+1.27246093750E+00,+205.07812500E-03
+428.06000E-06,+1.27246093750E+00,+205.07812500E-03
+428.08000E-06,+1.27246093750E+00,+205.07812500E-03
+428.10000E-06,+1.27246093750E+00,+205.07812500E-03
+428.12000E-06,+1.27246093750E+00,+205.07812500E-03
+428.14000E-06,+1.27246093750E+00,+205.07812500E-03
+428.16000E-06,+1.27246093750E+00,+205.07812500E-03
+428.18000E-06,+1.27246093750E+00,+205.07812500E-03
+428.20000E-06,+1.27246093750E+00,+205.07812500E-03
+428.22000E-06,+1.27246093750E+00,+205.07812500E-03
+428.24000E-06,+1.27246093750E+00,+205.07812500E-03
+428.26000E-06,+1.27246093750E+00,+205.07812500E-03
+428.28000E-06,+1.27246093750E+00,+205.07812500E-03
+428.30000E-06,+1.27246093750E+00,+205.07812500E-03
+428.32000E-06,+1.27246093750E+00,+205.07812500E-03
+428.34000E-06,+1.27246093750E+00,+205.07812500E-03
+428.36000E-06,+1.27246093750E+00,+205.07812500E-03
+428.38000E-06,+1.27246093750E+00,+205.07812500E-03
+428.40000E-06,+1.27246093750E+00,+205.07812500E-03
+428.42000E-06,+1.27246093750E+00,+205.07812500E-03
+428.44000E-06,+1.27246093750E+00,+205.07812500E-03
+428.46000E-06,+1.27246093750E+00,+205.07812500E-03
+428.48000E-06,+1.27246093750E+00,+205.07812500E-03
+428.50000E-06,+1.27246093750E+00,+205.07812500E-03
+428.52000E-06,+1.27246093750E+00,+205.07812500E-03
+428.54000E-06,+1.27246093750E+00,+205.07812500E-03
+428.56000E-06,+1.27246093750E+00,+205.07812500E-03
+428.58000E-06,+1.27246093750E+00,+205.07812500E-03
+428.60000E-06,+1.27246093750E+00,+205.07812500E-03
+428.62000E-06,+1.27246093750E+00,+205.07812500E-03
+428.64000E-06,+1.27246093750E+00,+205.07812500E-03
+428.66000E-06,+1.27246093750E+00,+205.07812500E-03
+428.68000E-06,+1.27246093750E+00,+205.07812500E-03
+428.70000E-06,+1.27246093750E+00,+205.07812500E-03
+428.72000E-06,+1.27246093750E+00,+205.07812500E-03
+428.74000E-06,+1.27246093750E+00,+205.07812500E-03
+428.76000E-06,+1.27246093750E+00,+205.07812500E-03
+428.78000E-06,+1.27246093750E+00,+205.07812500E-03
+428.80000E-06,+1.27246093750E+00,+205.07812500E-03
+428.82000E-06,+1.27246093750E+00,+205.07812500E-03
+428.84000E-06,+1.27246093750E+00,+205.07812500E-03
+428.86000E-06,+1.27246093750E+00,+205.07812500E-03
+428.88000E-06,+1.27246093750E+00,+214.84375000E-03
+428.90000E-06,+1.27246093750E+00,+205.07812500E-03
+428.92000E-06,+1.27246093750E+00,+205.07812500E-03
+428.94000E-06,+1.27246093750E+00,+205.07812500E-03
+428.96000E-06,+1.27246093750E+00,+205.07812500E-03
+428.98000E-06,+1.27246093750E+00,+214.84375000E-03
+429.00000E-06,+1.27246093750E+00,+205.07812500E-03
+429.02000E-06,+1.27246093750E+00,+214.84375000E-03
+429.04000E-06,+1.27246093750E+00,+214.84375000E-03
+429.06000E-06,+1.27343750000E+00,+214.84375000E-03
+429.08000E-06,+1.27246093750E+00,+214.84375000E-03
+429.10000E-06,+1.27343750000E+00,+214.84375000E-03
+429.12000E-06,+1.27246093750E+00,+214.84375000E-03
+429.14000E-06,+1.27343750000E+00,+214.84375000E-03
+429.16000E-06,+1.27343750000E+00,+214.84375000E-03
+429.18000E-06,+1.27343750000E+00,+214.84375000E-03
+429.20000E-06,+1.27343750000E+00,+214.84375000E-03
+429.22000E-06,+1.27246093750E+00,+214.84375000E-03
+429.24000E-06,+1.27343750000E+00,+214.84375000E-03
+429.26000E-06,+1.27246093750E+00,+214.84375000E-03
+429.28000E-06,+1.27246093750E+00,+214.84375000E-03
+429.30000E-06,+1.27343750000E+00,+214.84375000E-03
+429.32000E-06,+1.27246093750E+00,+214.84375000E-03
+429.34000E-06,+1.27343750000E+00,+214.84375000E-03
+429.36000E-06,+1.27343750000E+00,+214.84375000E-03
+429.38000E-06,+1.27343750000E+00,+214.84375000E-03
+429.40000E-06,+1.27343750000E+00,+214.84375000E-03
+429.42000E-06,+1.27343750000E+00,+214.84375000E-03
+429.44000E-06,+1.27343750000E+00,+214.84375000E-03
+429.46000E-06,+1.27343750000E+00,+214.84375000E-03
+429.48000E-06,+1.27343750000E+00,+214.84375000E-03
+429.50000E-06,+1.27343750000E+00,+214.84375000E-03
+429.52000E-06,+1.27343750000E+00,+214.84375000E-03
+429.54000E-06,+1.27343750000E+00,+214.84375000E-03
+429.56000E-06,+1.27343750000E+00,+214.84375000E-03
+429.58000E-06,+1.27343750000E+00,+214.84375000E-03
+429.60000E-06,+1.27343750000E+00,+214.84375000E-03
+429.62000E-06,+1.27343750000E+00,+214.84375000E-03
+429.64000E-06,+1.27343750000E+00,+214.84375000E-03
+429.66000E-06,+1.27343750000E+00,+214.84375000E-03
+429.68000E-06,+1.27343750000E+00,+214.84375000E-03
+429.70000E-06,+1.27343750000E+00,+214.84375000E-03
+429.72000E-06,+1.27343750000E+00,+214.84375000E-03
+429.74000E-06,+1.27343750000E+00,+214.84375000E-03
+429.76000E-06,+1.27343750000E+00,+214.84375000E-03
+429.78000E-06,+1.27343750000E+00,+214.84375000E-03
+429.80000E-06,+1.27343750000E+00,+214.84375000E-03
+429.82000E-06,+1.27343750000E+00,+214.84375000E-03
+429.84000E-06,+1.27343750000E+00,+214.84375000E-03
+429.86000E-06,+1.27343750000E+00,+214.84375000E-03
+429.88000E-06,+1.27343750000E+00,+214.84375000E-03
+429.90000E-06,+1.27343750000E+00,+224.60937500E-03
+429.92000E-06,+1.27343750000E+00,+214.84375000E-03
+429.94000E-06,+1.27343750000E+00,+214.84375000E-03
+429.96000E-06,+1.27343750000E+00,+214.84375000E-03
+429.98000E-06,+1.27246093750E+00,+224.60937500E-03
+430.00000E-06,+719.72656274E-03,+195.31250001E-03
+430.02000E-06,-398.43749951E-03,+185.54687500E-03
+430.04000E-06,-801.75781232E-03,+205.07812499E-03
+430.06000E-06,-918.94531245E-03,+214.84375000E-03
+430.08000E-06,-956.05468748E-03,+224.60937500E-03
+430.10000E-06,-969.72656249E-03,+224.60937500E-03
+430.12000E-06,-973.63281250E-03,+244.14062499E-03
+430.14000E-06,-976.56250000E-03,+253.90625000E-03
+430.16000E-06,-981.44531250E-03,+283.20312499E-03
+430.18000E-06,-992.18750000E-03,+341.79687497E-03
+430.20000E-06,-1.03906249998E+00,+673.82812485E-03
+430.22000E-06,-1.13574218746E+00,+2.27539062429E+00
+430.24000E-06,-1.23730468746E+00,+6.47460937314E+00
+430.26000E-06,-1.31933593746E+00,+11.04492187298E+00
+430.28000E-06,-1.42871093745E+00,+11.86523437464E+00
+430.30000E-06,-1.50390624997E+00,+11.93359374997E+00
+430.32000E-06,-1.50976562500E+00,+11.93359375000E+00
+430.34000E-06,-1.52050781250E+00,+11.93359375000E+00
+430.36000E-06,-1.52050781250E+00,+11.92382812500E+00
+430.38000E-06,-1.52441406250E+00,+11.93359375000E+00
+430.40000E-06,-1.51562500000E+00,+11.92382812500E+00
+430.42000E-06,-1.52832031249E+00,+11.92382812500E+00
+430.44000E-06,-1.51757812500E+00,+11.93359375000E+00
+430.46000E-06,-1.52441406250E+00,+11.93359375000E+00
+430.48000E-06,-1.52148437500E+00,+11.92382812500E+00
+430.50000E-06,-1.52246093750E+00,+11.93359375000E+00
+430.52000E-06,-1.52050781250E+00,+11.93359375000E+00
+430.54000E-06,-1.52539062500E+00,+11.93359375000E+00
+430.56000E-06,-1.51953125000E+00,+11.93359375000E+00
+430.58000E-06,-1.52343750000E+00,+11.93359375000E+00
+430.60000E-06,-1.52246093750E+00,+11.93359375000E+00
+430.62000E-06,-1.52246093750E+00,+11.94335937500E+00
+430.64000E-06,-1.52246093750E+00,+11.93359375000E+00
+430.66000E-06,-1.52246093750E+00,+11.93359375000E+00
+430.68000E-06,-1.52148437500E+00,+11.93359375000E+00
+430.70000E-06,-1.52246093750E+00,+11.93359375000E+00
+430.72000E-06,-1.52148437500E+00,+11.93359375000E+00
+430.74000E-06,-1.52148437500E+00,+11.93359375000E+00
+430.76000E-06,-1.52148437500E+00,+11.93359375000E+00
+430.78000E-06,-1.52148437500E+00,+11.93359375000E+00
+430.80000E-06,-1.52148437500E+00,+11.93359375000E+00
+430.82000E-06,-1.52148437500E+00,+11.93359375000E+00
+430.84000E-06,-1.52148437500E+00,+11.93359375000E+00
+430.86000E-06,-1.52050781250E+00,+11.93359375000E+00
+430.88000E-06,-1.52050781250E+00,+11.93359375000E+00
+430.90000E-06,-1.51953125000E+00,+11.93359375000E+00
+430.92000E-06,-1.52050781250E+00,+11.93359375000E+00
+430.94000E-06,-1.51953125000E+00,+11.93359375000E+00
+430.96000E-06,-1.51953125000E+00,+11.93359375000E+00
+430.98000E-06,-1.51953125000E+00,+11.93359375000E+00
+431.00000E-06,-1.51953125000E+00,+11.93359375000E+00
+431.02000E-06,-1.51953125000E+00,+11.93359375000E+00
+431.04000E-06,-1.51953125000E+00,+11.93359375000E+00
+431.06000E-06,-1.51953125000E+00,+11.93359375000E+00
+431.08000E-06,-1.51855468750E+00,+11.93359375000E+00
+431.10000E-06,-1.51855468750E+00,+11.93359375000E+00
+431.12000E-06,-1.51855468750E+00,+11.93359375000E+00
+431.14000E-06,-1.51757812500E+00,+11.93359375000E+00
+431.16000E-06,-1.51757812500E+00,+11.93359375000E+00
+431.18000E-06,-1.51757812500E+00,+11.92382812500E+00
+431.20000E-06,-1.51757812500E+00,+11.92382812500E+00
+431.22000E-06,-1.51660156250E+00,+11.92382812500E+00
+431.24000E-06,-1.51757812500E+00,+11.92382812500E+00
+431.26000E-06,-1.51660156250E+00,+11.92382812500E+00
+431.28000E-06,-1.51660156250E+00,+11.92382812500E+00
+431.30000E-06,-1.51660156250E+00,+11.92382812500E+00
+431.32000E-06,-1.51660156250E+00,+11.92382812500E+00
+431.34000E-06,-1.51562500000E+00,+11.92382812500E+00
+431.36000E-06,-1.51562500000E+00,+11.92382812500E+00
+431.38000E-06,-1.51562500000E+00,+11.92382812500E+00
+431.40000E-06,-1.51562500000E+00,+11.92382812500E+00
+431.42000E-06,-1.51562500000E+00,+11.92382812500E+00
+431.44000E-06,-1.51562500000E+00,+11.92382812500E+00
+431.46000E-06,-1.51464843750E+00,+11.92382812500E+00
+431.48000E-06,-1.51464843750E+00,+11.92382812500E+00
+431.50000E-06,-1.51464843750E+00,+11.92382812500E+00
+431.52000E-06,-1.51464843750E+00,+11.91406250000E+00
+431.54000E-06,-1.51464843750E+00,+11.91406250000E+00
+431.56000E-06,-1.51464843750E+00,+11.91406250000E+00
+431.58000E-06,-1.51464843750E+00,+11.91406250000E+00
+431.60000E-06,-1.51367187500E+00,+11.91406250000E+00
+431.62000E-06,-1.51367187500E+00,+11.91406250000E+00
+431.64000E-06,-1.51367187500E+00,+11.91406250000E+00
+431.66000E-06,-1.51367187500E+00,+11.91406250000E+00
+431.68000E-06,-1.51367187500E+00,+11.91406250000E+00
+431.70000E-06,-1.51367187500E+00,+11.91406250000E+00
+431.72000E-06,-1.51269531250E+00,+11.91406250000E+00
+431.74000E-06,-1.51269531250E+00,+11.91406250000E+00
+431.76000E-06,-1.51269531250E+00,+11.91406250000E+00
+431.78000E-06,-1.51269531250E+00,+11.91406250000E+00
+431.80000E-06,-1.51269531250E+00,+11.91406250000E+00
+431.82000E-06,-1.51269531250E+00,+11.91406250000E+00
+431.84000E-06,-1.51269531250E+00,+11.91406250000E+00
+431.86000E-06,-1.51269531250E+00,+11.91406250000E+00
+431.88000E-06,-1.51171875000E+00,+11.91406250000E+00
+431.90000E-06,-1.51171875000E+00,+11.91406250000E+00
+431.92000E-06,-1.51171875000E+00,+11.90429687500E+00
+431.94000E-06,-1.51171875000E+00,+11.90429687500E+00
+431.96000E-06,-1.51171875000E+00,+11.91406250000E+00
+431.98000E-06,-1.51171875000E+00,+11.90429687500E+00
+432.00000E-06,-1.51171875000E+00,+11.90429687500E+00
+432.02000E-06,-1.51171875000E+00,+11.90429687500E+00
+432.04000E-06,-1.51171875000E+00,+11.90429687500E+00
+432.06000E-06,-1.51074218750E+00,+11.90429687500E+00
+432.08000E-06,-1.51074218750E+00,+11.90429687500E+00
+432.10000E-06,-1.51074218750E+00,+11.90429687500E+00
+432.12000E-06,-1.51074218750E+00,+11.90429687500E+00
+432.14000E-06,-1.51074218750E+00,+11.90429687500E+00
+432.16000E-06,-1.51074218750E+00,+11.90429687500E+00
+432.18000E-06,-1.51074218750E+00,+11.90429687500E+00
+432.20000E-06,-1.51074218750E+00,+11.90429687500E+00
+432.22000E-06,-1.51074218750E+00,+11.90429687500E+00
+432.24000E-06,-1.50976562500E+00,+11.90429687500E+00
+432.26000E-06,-1.50976562500E+00,+11.90429687500E+00
+432.28000E-06,-1.50976562500E+00,+11.90429687500E+00
+432.30000E-06,-1.50976562500E+00,+11.90429687500E+00
+432.32000E-06,-1.50976562500E+00,+11.90429687500E+00
+432.34000E-06,-1.50976562500E+00,+11.90429687500E+00
+432.36000E-06,-1.50976562500E+00,+11.90429687500E+00
+432.38000E-06,-1.50976562500E+00,+11.90429687500E+00
+432.40000E-06,-1.50976562500E+00,+11.90429687500E+00
+432.42000E-06,-1.50976562500E+00,+11.90429687500E+00
+432.44000E-06,-1.50976562500E+00,+11.90429687500E+00
+432.46000E-06,-1.50976562500E+00,+11.90429687500E+00
+432.48000E-06,-1.50878906250E+00,+11.90429687500E+00
+432.50000E-06,-1.50878906250E+00,+11.90429687500E+00
+432.52000E-06,-1.50878906250E+00,+11.89453125000E+00
+432.54000E-06,-1.50878906250E+00,+11.89453125000E+00
+432.56000E-06,-1.50878906250E+00,+11.89453125000E+00
+432.58000E-06,-1.50878906250E+00,+11.89453125000E+00
+432.60000E-06,-1.50878906250E+00,+11.89453125000E+00
+432.62000E-06,-1.50878906250E+00,+11.89453125000E+00
+432.64000E-06,-1.50878906250E+00,+11.89453125000E+00
+432.66000E-06,-1.50878906250E+00,+11.89453125000E+00
+432.68000E-06,-1.50878906250E+00,+11.89453125000E+00
+432.70000E-06,-1.50878906250E+00,+11.89453125000E+00
+432.72000E-06,-1.50781250000E+00,+11.89453125000E+00
+432.74000E-06,-1.50878906250E+00,+11.89453125000E+00
+432.76000E-06,-1.50781250000E+00,+11.89453125000E+00
+432.78000E-06,-1.50781250000E+00,+11.89453125000E+00
+432.80000E-06,-1.50781250000E+00,+11.89453125000E+00
+432.82000E-06,-1.50781250000E+00,+11.89453125000E+00
+432.84000E-06,-1.50781250000E+00,+11.89453125000E+00
+432.86000E-06,-1.50781250000E+00,+11.89453125000E+00
+432.88000E-06,-1.50781250000E+00,+11.89453125000E+00
+432.90000E-06,-1.50781250000E+00,+11.89453125000E+00
+432.92000E-06,-1.50781250000E+00,+11.89453125000E+00
+432.94000E-06,-1.50781250000E+00,+11.89453125000E+00
+432.96000E-06,-1.50781250000E+00,+11.89453125000E+00
+432.98000E-06,-1.50781250000E+00,+11.89453125000E+00
+433.00000E-06,-1.50781250000E+00,+11.89453125000E+00
+433.02000E-06,-1.50781250000E+00,+11.89453125000E+00
+433.04000E-06,-1.50683593750E+00,+11.89453125000E+00
+433.06000E-06,-1.50683593750E+00,+11.89453125000E+00
+433.08000E-06,-1.50683593750E+00,+11.88476562501E+00
+433.10000E-06,-1.50781250000E+00,+11.89453125000E+00
+433.12000E-06,-1.50683593750E+00,+11.89453125000E+00
+433.14000E-06,-1.50683593750E+00,+11.89453125000E+00
+433.16000E-06,-1.50683593750E+00,+11.88476562501E+00
+433.18000E-06,-1.50683593750E+00,+11.88476562500E+00
+433.20000E-06,-1.50683593750E+00,+11.88476562500E+00
